
{
  "name": "YouTube Studio Pro",
  "short_name": "YTPro",
  "description": "Professional YouTube Creative Suite and Thumbnail Downloader",
  "id": "/?source=pwa",
  "start_url": "/",
  "display": "standalone",
  "background_color": "#0a0a0a",
  "theme_color": "#ff0000",
  "orientation": "portrait",
  "icons": [
    {
      "src": "https://cdn-icons-png.flaticon.com/512/1384/1384060.png",
      "sizes": "192x192",
      "type": "image/png",
      "purpose": "any maskable"
    },
    {
      "src": "https://cdn-icons-png.flaticon.com/512/1384/1384060.png",
      "sizes": "512x512",
      "type": "image/png",
      "purpose": "any"
    }
  ],
  "requestFramePermissions": [
    "camera",
    "microphone"
  ]
}
